epoch,time,train/box_loss,train/cls_loss,train/dfl_loss,metrics/precision(B),metrics/recall(B),metrics/mAP50(B),metrics/mAP50-95(B),val/box_loss,val/cls_loss,val/dfl_loss,lr/pg0,lr/pg1,lr/pg2,lr/pg3,lr/pg4,lr/pg5,lr/pg6,lr/pg7
1,54.9322,3.18993,4.59883,4.21095,0.87066,0.01824,0.00825,0.00184,2.97519,3.86849,4.1522,0.00995556,0.00331852,0.00995556,0.00331852,0.00995556,0.00331852,0.00995556,0.00331852
2,101.092,2.95531,4.2292,3.77932,0.35979,0.09131,0.04359,0.01269,2.63969,3.85677,3.44623,0.0198568,0.00661893,0.0198568,0.00661893,0.0198568,0.00661893,0.0198568,0.00661893
3,144.645,2.38219,3.73759,3.06004,0.46124,0.09166,0.01727,0.00506,2.57457,4.33124,3.27282,0.029659,0.00988633,0.029659,0.00988633,0.029659,0.00988633,0.029659,0.00988633
4,187.451,1.95781,3.25246,2.52589,0.26635,0.25146,0.21982,0.09146,2.00647,2.9678,2.66663,0.0295545,0.0098515,0.0295545,0.0098515,0.0295545,0.0098515,0.0295545,0.0098515
5,225.522,1.77675,2.87353,2.285,0.2521,0.30533,0.25493,0.13841,1.79515,2.68086,2.40377,0.029406,0.009802,0.029406,0.009802,0.029406,0.009802,0.029406,0.009802
6,263.288,1.66387,2.63032,2.16275,0.3993,0.38013,0.3564,0.17136,1.90243,2.32287,2.44491,0.0292575,0.0097525,0.0292575,0.0097525,0.0292575,0.0097525,0.0292575,0.0097525
7,301.015,1.60917,2.44939,2.07783,0.33986,0.33962,0.27909,0.15146,1.90642,2.67063,2.5215,0.029109,0.009703,0.029109,0.009703,0.029109,0.009703,0.029109,0.009703
8,338.027,1.57375,2.35709,2.0379,0.53824,0.49617,0.51949,0.26737,1.65652,2.01606,2.15198,0.0289605,0.0096535,0.0289605,0.0096535,0.0289605,0.0096535,0.0289605,0.0096535
9,375.034,1.53083,2.24014,1.99738,0.5969,0.52739,0.55224,0.29375,1.59046,1.8497,2.03686,0.028812,0.009604,0.028812,0.009604,0.028812,0.009604,0.028812,0.009604
10,413.203,1.48896,2.11681,1.93531,0.65038,0.49145,0.54461,0.30625,1.54117,1.84107,2.00924,0.0286635,0.0095545,0.0286635,0.0095545,0.0286635,0.0095545,0.0286635,0.0095545
11,449.722,1.44602,2.04601,1.89053,0.62112,0.50765,0.5673,0.30817,1.56087,1.80214,2.02518,0.028515,0.009505,0.028515,0.009505,0.028515,0.009505,0.028515,0.009505
12,485.7,1.42933,2.0004,1.87879,0.5363,0.43863,0.45545,0.25009,1.66199,2.14073,2.14544,0.0283665,0.0094555,0.0283665,0.0094555,0.0283665,0.0094555,0.0283665,0.0094555
13,523.289,1.40406,1.906,1.84767,0.68083,0.60174,0.66306,0.37715,1.45046,1.52752,1.89536,0.028218,0.009406,0.028218,0.009406,0.028218,0.009406,0.028218,0.009406
14,560.684,1.41706,1.89281,1.84296,0.67039,0.57152,0.64169,0.35575,1.53142,1.66696,1.95366,0.0280695,0.0093565,0.0280695,0.0093565,0.0280695,0.0093565,0.0280695,0.0093565
15,598.026,1.37712,1.85452,1.81535,0.72623,0.60458,0.69233,0.39623,1.44851,1.49799,1.88784,0.027921,0.009307,0.027921,0.009307,0.027921,0.009307,0.027921,0.009307
16,635.569,1.36968,1.81744,1.79718,0.70384,0.60197,0.68023,0.38714,1.4788,1.51092,1.87388,0.0277725,0.0092575,0.0277725,0.0092575,0.0277725,0.0092575,0.0277725,0.0092575
17,672.488,1.33985,1.76136,1.76172,0.71761,0.64466,0.70874,0.42239,1.39982,1.40623,1.80259,0.027624,0.009208,0.027624,0.009208,0.027624,0.009208,0.027624,0.009208
18,708.158,1.32205,1.71773,1.75241,0.66244,0.62046,0.67688,0.3947,1.43097,1.4821,1.86503,0.0274755,0.0091585,0.0274755,0.0091585,0.0274755,0.0091585,0.0274755,0.0091585
19,745.443,1.32468,1.66783,1.74471,0.73597,0.65003,0.73402,0.44929,1.3626,1.37213,1.76457,0.027327,0.009109,0.027327,0.009109,0.027327,0.009109,0.027327,0.009109
20,782.935,1.30291,1.64488,1.71704,0.67883,0.59796,0.65755,0.39895,1.39855,1.57996,1.82218,0.0271785,0.0090595,0.0271785,0.0090595,0.0271785,0.0090595,0.0271785,0.0090595
21,819.752,1.28344,1.61023,1.69826,0.76746,0.66691,0.75786,0.45898,1.37183,1.27119,1.74869,0.02703,0.00901,0.02703,0.00901,0.02703,0.00901,0.02703,0.00901
22,857.657,1.28482,1.59326,1.71363,0.75691,0.70859,0.78055,0.47762,1.32691,1.2617,1.70782,0.0268815,0.0089605,0.0268815,0.0089605,0.0268815,0.0089605,0.0268815,0.0089605
23,894.396,1.26637,1.56917,1.68687,0.78178,0.69044,0.78174,0.48241,1.29888,1.27847,1.69475,0.026733,0.008911,0.026733,0.008911,0.026733,0.008911,0.026733,0.008911
24,930.57,1.25162,1.53191,1.67894,0.76898,0.70142,0.77782,0.47366,1.35692,1.213,1.72668,0.0265845,0.0088615,0.0265845,0.0088615,0.0265845,0.0088615,0.0265845,0.0088615
25,966.31,1.23829,1.51482,1.66637,0.77501,0.71178,0.78263,0.47469,1.36547,1.20011,1.73194,0.026436,0.008812,0.026436,0.008812,0.026436,0.008812,0.026436,0.008812
26,1004.12,1.23402,1.45986,1.65712,0.78818,0.67429,0.76231,0.48306,1.28966,1.22547,1.68768,0.0262875,0.0087625,0.0262875,0.0087625,0.0262875,0.0087625,0.0262875,0.0087625
27,1041.54,1.24355,1.47217,1.6533,0.80396,0.70929,0.80159,0.51062,1.26701,1.15178,1.65628,0.026139,0.008713,0.026139,0.008713,0.026139,0.008713,0.026139,0.008713
28,1078.48,1.22975,1.43237,1.63469,0.76887,0.74577,0.81711,0.50927,1.26591,1.10039,1.6382,0.0259905,0.0086635,0.0259905,0.0086635,0.0259905,0.0086635,0.0259905,0.0086635
29,1115.52,1.21299,1.41344,1.62073,0.80546,0.71376,0.81076,0.51587,1.25824,1.10491,1.62868,0.025842,0.008614,0.025842,0.008614,0.025842,0.008614,0.025842,0.008614
30,1152.83,1.21441,1.41664,1.63172,0.80468,0.7397,0.81773,0.52872,1.23306,1.0934,1.61636,0.0256935,0.0085645,0.0256935,0.0085645,0.0256935,0.0085645,0.0256935,0.0085645
31,1190.29,1.19748,1.40207,1.61983,0.83481,0.70798,0.82003,0.53121,1.23778,1.07553,1.62597,0.025545,0.008515,0.025545,0.008515,0.025545,0.008515,0.025545,0.008515
32,1226.19,1.18531,1.35555,1.60728,0.77002,0.74867,0.81513,0.52548,1.22589,1.10222,1.61148,0.0253965,0.0084655,0.0253965,0.0084655,0.0253965,0.0084655,0.0253965,0.0084655
33,1264.03,1.18072,1.3641,1.59655,0.81647,0.74483,0.83846,0.54051,1.22554,1.03235,1.58546,0.025248,0.008416,0.025248,0.008416,0.025248,0.008416,0.025248,0.008416
34,1301.02,1.18615,1.36379,1.60937,0.83377,0.72523,0.83049,0.55487,1.15791,1.04156,1.54257,0.0250995,0.0083665,0.0250995,0.0083665,0.0250995,0.0083665,0.0250995,0.0083665
35,1338.5,1.16611,1.32509,1.57864,0.82971,0.75085,0.82888,0.54809,1.23878,1.04398,1.5956,0.024951,0.008317,0.024951,0.008317,0.024951,0.008317,0.024951,0.008317
36,1376.56,1.16672,1.3093,1.5831,0.83787,0.79451,0.86173,0.54421,1.21528,0.97984,1.56996,0.0248025,0.0082675,0.0248025,0.0082675,0.0248025,0.0082675,0.0248025,0.0082675
37,1412.76,1.17229,1.32085,1.58715,0.79491,0.78645,0.84916,0.55965,1.17694,1.00233,1.56037,0.024654,0.008218,0.024654,0.008218,0.024654,0.008218,0.024654,0.008218
38,1448.9,1.14439,1.26375,1.55896,0.80817,0.77936,0.85373,0.55418,1.20209,1.01557,1.55738,0.0245055,0.0081685,0.0245055,0.0081685,0.0245055,0.0081685,0.0245055,0.0081685
39,1484.69,1.14895,1.27342,1.56965,0.83326,0.78995,0.86372,0.56331,1.1963,0.94881,1.5591,0.024357,0.008119,0.024357,0.008119,0.024357,0.008119,0.024357,0.008119
40,1521.51,1.14039,1.25568,1.5595,0.8486,0.76607,0.85453,0.5673,1.1796,0.98064,1.54671,0.0242085,0.0080695,0.0242085,0.0080695,0.0242085,0.0080695,0.0242085,0.0080695
41,1559.19,1.1452,1.26174,1.5663,0.86159,0.76934,0.85106,0.57087,1.14773,0.98353,1.52539,0.02406,0.00802,0.02406,0.00802,0.02406,0.00802,0.02406,0.00802
42,1596.34,1.12858,1.23806,1.53957,0.84839,0.78955,0.86316,0.5497,1.25911,0.95897,1.59849,0.0239115,0.0079705,0.0239115,0.0079705,0.0239115,0.0079705,0.0239115,0.0079705
43,1635.43,1.11373,1.21756,1.5281,0.87132,0.79744,0.87428,0.58186,1.17111,0.94188,1.5266,0.023763,0.007921,0.023763,0.007921,0.023763,0.007921,0.023763,0.007921
44,1672.49,1.12819,1.22888,1.54487,0.86041,0.79823,0.87362,0.59661,1.13857,0.91333,1.50493,0.0236145,0.0078715,0.0236145,0.0078715,0.0236145,0.0078715,0.0236145,0.0078715
45,1709.3,1.12202,1.21612,1.54302,0.84424,0.79983,0.87128,0.59451,1.08969,0.89714,1.46755,0.023466,0.007822,0.023466,0.007822,0.023466,0.007822,0.023466,0.007822
46,1746.02,1.11252,1.18875,1.52616,0.84676,0.80219,0.87563,0.58385,1.14508,0.90121,1.50415,0.0233175,0.0077725,0.0233175,0.0077725,0.0233175,0.0077725,0.0233175,0.0077725
47,1782.69,1.09991,1.16977,1.51331,0.86137,0.79072,0.87064,0.57515,1.1607,0.91975,1.51856,0.023169,0.007723,0.023169,0.007723,0.023169,0.007723,0.023169,0.007723
48,1819.58,1.12017,1.19312,1.53222,0.87053,0.79338,0.86753,0.57542,1.19768,0.9167,1.53568,0.0230205,0.0076735,0.0230205,0.0076735,0.0230205,0.0076735,0.0230205,0.0076735
49,1855.92,1.10355,1.15906,1.51729,0.86209,0.80928,0.87692,0.591,1.11309,0.8836,1.47684,0.022872,0.007624,0.022872,0.007624,0.022872,0.007624,0.022872,0.007624
50,1894.29,1.09081,1.15258,1.51004,0.87169,0.80094,0.88653,0.58887,1.15439,0.88893,1.49958,0.0227235,0.0075745,0.0227235,0.0075745,0.0227235,0.0075745,0.0227235,0.0075745
51,1931.59,1.09856,1.1406,1.51448,0.87894,0.80821,0.87886,0.58023,1.16671,0.8773,1.51713,0.022575,0.007525,0.022575,0.007525,0.022575,0.007525,0.022575,0.007525
52,1968.74,1.08156,1.13405,1.50204,0.89759,0.81162,0.89077,0.58984,1.17001,0.84769,1.49584,0.0224265,0.0074755,0.0224265,0.0074755,0.0224265,0.0074755,0.0224265,0.0074755
53,2004.1,1.07272,1.11126,1.4911,0.86235,0.82992,0.88843,0.59833,1.12895,0.84838,1.4809,0.022278,0.007426,0.022278,0.007426,0.022278,0.007426,0.022278,0.007426
54,2040.86,1.07944,1.13673,1.49942,0.87181,0.80186,0.88572,0.60381,1.09823,0.84651,1.45311,0.0221295,0.0073765,0.0221295,0.0073765,0.0221295,0.0073765,0.0221295,0.0073765
55,2077.48,1.06613,1.11172,1.48884,0.89681,0.80191,0.8913,0.60977,1.09682,0.85401,1.4489,0.021981,0.007327,0.021981,0.007327,0.021981,0.007327,0.021981,0.007327
56,2113.43,1.07754,1.09799,1.48304,0.88776,0.80901,0.89418,0.60141,1.11062,0.85472,1.44906,0.0218325,0.0072775,0.0218325,0.0072775,0.0218325,0.0072775,0.0218325,0.0072775
57,2150.98,1.07348,1.09369,1.48771,0.87789,0.82599,0.89177,0.61579,1.07822,0.82317,1.43094,0.021684,0.007228,0.021684,0.007228,0.021684,0.007228,0.021684,0.007228
58,2188.49,1.0538,1.08914,1.47772,0.8727,0.82251,0.89537,0.61608,1.08228,0.81684,1.43829,0.0215355,0.0071785,0.0215355,0.0071785,0.0215355,0.0071785,0.0215355,0.0071785
59,2225.56,1.07004,1.08712,1.48264,0.85989,0.83576,0.89176,0.61408,1.09142,0.82046,1.45535,0.021387,0.007129,0.021387,0.007129,0.021387,0.007129,0.021387,0.007129
60,2261.89,1.06248,1.07675,1.47787,0.89391,0.84481,0.91019,0.61939,1.08348,0.80962,1.43774,0.0212385,0.0070795,0.0212385,0.0070795,0.0212385,0.0070795,0.0212385,0.0070795
61,2298.96,1.0659,1.09595,1.47646,0.90329,0.82877,0.89781,0.61334,1.08882,0.80785,1.43686,0.02109,0.00703,0.02109,0.00703,0.02109,0.00703,0.02109,0.00703
62,2336.59,1.04773,1.07206,1.46516,0.89775,0.83378,0.90152,0.62956,1.05284,0.78033,1.41442,0.0209415,0.0069805,0.0209415,0.0069805,0.0209415,0.0069805,0.0209415,0.0069805
63,2372.99,1.03361,1.03924,1.45062,0.88835,0.83457,0.90236,0.62804,1.07718,0.78545,1.41951,0.020793,0.006931,0.020793,0.006931,0.020793,0.006931,0.020793,0.006931
64,2410.74,1.03957,1.04965,1.46166,0.86641,0.83979,0.90285,0.62943,1.06839,0.78626,1.42562,0.0206445,0.0068815,0.0206445,0.0068815,0.0206445,0.0068815,0.0206445,0.0068815
65,2447.4,1.05396,1.04441,1.46787,0.90736,0.82042,0.89957,0.6305,1.06326,0.79119,1.42154,0.020496,0.006832,0.020496,0.006832,0.020496,0.006832,0.020496,0.006832
66,2484.25,1.04962,1.03682,1.4662,0.8989,0.83024,0.90434,0.62801,1.08824,0.78285,1.44124,0.0203475,0.0067825,0.0203475,0.0067825,0.0203475,0.0067825,0.0203475,0.0067825
67,2520.54,1.03203,1.02564,1.45057,0.89587,0.83476,0.90289,0.62589,1.06658,0.77977,1.40549,0.020199,0.006733,0.020199,0.006733,0.020199,0.006733,0.020199,0.006733
68,2557.28,1.03833,1.0362,1.45251,0.90075,0.85211,0.90676,0.62554,1.05912,0.78716,1.41323,0.0200505,0.0066835,0.0200505,0.0066835,0.0200505,0.0066835,0.0200505,0.0066835
69,2594.7,1.0204,1.02414,1.4384,0.89539,0.8501,0.90987,0.63718,1.06415,0.75003,1.41425,0.019902,0.006634,0.019902,0.006634,0.019902,0.006634,0.019902,0.006634
70,2631.24,1.02844,1.00608,1.44805,0.87562,0.84746,0.90863,0.62129,1.09394,0.77091,1.42054,0.0197535,0.0065845,0.0197535,0.0065845,0.0197535,0.0065845,0.0197535,0.0065845
71,2668.55,1.00786,0.99452,1.43201,0.90685,0.84107,0.91577,0.64082,1.05128,0.73271,1.40692,0.019605,0.006535,0.019605,0.006535,0.019605,0.006535,0.019605,0.006535
72,2704.66,1.0134,0.99572,1.43264,0.91374,0.83356,0.90808,0.6184,1.08938,0.75345,1.4244,0.0194565,0.0064855,0.0194565,0.0064855,0.0194565,0.0064855,0.0194565,0.0064855
73,2740.77,1.01978,0.9989,1.4371,0.91322,0.8457,0.91888,0.63901,1.0655,0.72241,1.40973,0.019308,0.006436,0.019308,0.006436,0.019308,0.006436,0.019308,0.006436
74,2776.58,1.01046,0.95812,1.42259,0.89611,0.85013,0.9141,0.63458,1.06102,0.73638,1.39864,0.0191595,0.0063865,0.0191595,0.0063865,0.0191595,0.0063865,0.0191595,0.0063865
75,2812.86,1.00546,0.97133,1.42025,0.89885,0.85084,0.91882,0.64267,1.05774,0.71998,1.39702,0.019011,0.006337,0.019011,0.006337,0.019011,0.006337,0.019011,0.006337
76,2849.45,1.00442,0.97786,1.42015,0.89578,0.85465,0.91815,0.6497,1.05716,0.73472,1.39108,0.0188625,0.0062875,0.0188625,0.0062875,0.0188625,0.0062875,0.0188625,0.0062875
77,2886.33,1.00426,0.9706,1.4186,0.91485,0.83655,0.91289,0.63889,1.06001,0.74846,1.39386,0.018714,0.006238,0.018714,0.006238,0.018714,0.006238,0.018714,0.006238
78,2923.7,1.00445,0.9599,1.41908,0.88678,0.85932,0.91446,0.64083,1.06555,0.73201,1.40003,0.0185655,0.0061885,0.0185655,0.0061885,0.0185655,0.0061885,0.0185655,0.0061885
79,2960.07,0.9904,0.95452,1.41211,0.89571,0.85725,0.9176,0.65125,1.02147,0.70519,1.37027,0.018417,0.006139,0.018417,0.006139,0.018417,0.006139,0.018417,0.006139
80,2996.78,1.00983,0.95697,1.42332,0.9138,0.86121,0.92292,0.65275,1.05169,0.716,1.39418,0.0182685,0.0060895,0.0182685,0.0060895,0.0182685,0.0060895,0.0182685,0.0060895
81,3033.3,0.98774,0.93602,1.40729,0.89139,0.86212,0.92079,0.65983,1.00899,0.69927,1.37068,0.01812,0.00604,0.01812,0.00604,0.01812,0.00604,0.01812,0.00604
82,3069.72,0.96965,0.94189,1.3973,0.90217,0.86192,0.91851,0.64959,1.03949,0.70273,1.38235,0.0179715,0.0059905,0.0179715,0.0059905,0.0179715,0.0059905,0.0179715,0.0059905
83,3107.12,0.97985,0.94054,1.40086,0.90854,0.86498,0.92413,0.65916,1.01164,0.67876,1.3619,0.017823,0.005941,0.017823,0.005941,0.017823,0.005941,0.017823,0.005941
84,3144.32,0.98786,0.93197,1.40822,0.90608,0.85466,0.91863,0.65616,1.01661,0.69373,1.36556,0.0176745,0.0058915,0.0176745,0.0058915,0.0176745,0.0058915,0.0176745,0.0058915
85,3181.75,0.98569,0.92544,1.40411,0.91458,0.86535,0.92346,0.6565,1.02473,0.69664,1.37235,0.017526,0.005842,0.017526,0.005842,0.017526,0.005842,0.017526,0.005842
86,3218.45,0.97695,0.92626,1.39845,0.90879,0.8662,0.92388,0.66303,0.99654,0.69537,1.35011,0.0173775,0.0057925,0.0173775,0.0057925,0.0173775,0.0057925,0.0173775,0.0057925
87,3255.71,0.96729,0.91748,1.38719,0.90566,0.84571,0.91879,0.66164,0.9989,0.69415,1.34597,0.017229,0.005743,0.017229,0.005743,0.017229,0.005743,0.017229,0.005743
88,3292.08,0.97111,0.90092,1.38826,0.9011,0.86819,0.91827,0.65957,0.9994,0.67809,1.36618,0.0170805,0.0056935,0.0170805,0.0056935,0.0170805,0.0056935,0.0170805,0.0056935
89,3328.76,0.96825,0.92098,1.39005,0.89681,0.88627,0.93045,0.6649,1.00601,0.66261,1.3575,0.016932,0.005644,0.016932,0.005644,0.016932,0.005644,0.016932,0.005644
90,3365.52,0.97647,0.91169,1.38951,0.90868,0.86174,0.92535,0.6639,1.0048,0.68047,1.35507,0.0167835,0.0055945,0.0167835,0.0055945,0.0167835,0.0055945,0.0167835,0.0055945
91,3402.61,0.98099,0.90945,1.39455,0.91184,0.86395,0.92707,0.67057,1.00021,0.68102,1.35429,0.016635,0.005545,0.016635,0.005545,0.016635,0.005545,0.016635,0.005545
92,3440.67,0.96528,0.88261,1.38914,0.91034,0.87347,0.92677,0.66488,1.00079,0.68392,1.35343,0.0164865,0.0054955,0.0164865,0.0054955,0.0164865,0.0054955,0.0164865,0.0054955
93,3477.81,0.9523,0.88479,1.38207,0.91701,0.87872,0.92819,0.66454,1.01099,0.6511,1.35148,0.016338,0.005446,0.016338,0.005446,0.016338,0.005446,0.016338,0.005446
94,3515.12,0.94991,0.87594,1.37277,0.92573,0.85689,0.93147,0.66941,1.00491,0.64973,1.34352,0.0161895,0.0053965,0.0161895,0.0053965,0.0161895,0.0053965,0.0161895,0.0053965
95,3551.38,0.95598,0.89084,1.37574,0.91241,0.87482,0.93177,0.66888,0.98926,0.65373,1.34113,0.016041,0.005347,0.016041,0.005347,0.016041,0.005347,0.016041,0.005347
96,3587.2,0.95446,0.88098,1.3743,0.90055,0.87753,0.92868,0.66821,0.98945,0.6598,1.33907,0.0158925,0.0052975,0.0158925,0.0052975,0.0158925,0.0052975,0.0158925,0.0052975
97,3623.62,0.94909,0.87722,1.378,0.92072,0.8588,0.92572,0.67172,1.00269,0.66218,1.34593,0.015744,0.005248,0.015744,0.005248,0.015744,0.005248,0.015744,0.005248
98,3660.78,0.95317,0.8834,1.3703,0.92266,0.87498,0.92876,0.67095,1.00152,0.64924,1.34345,0.0155955,0.0051985,0.0155955,0.0051985,0.0155955,0.0051985,0.0155955,0.0051985
99,3698.04,0.95087,0.86176,1.36348,0.89687,0.88554,0.9276,0.67229,0.9958,0.64144,1.33302,0.015447,0.005149,0.015447,0.005149,0.015447,0.005149,0.015447,0.005149
100,3734.34,0.94896,0.85856,1.37257,0.92994,0.87291,0.93292,0.67647,0.9919,0.64239,1.33395,0.0152985,0.0050995,0.0152985,0.0050995,0.0152985,0.0050995,0.0152985,0.0050995
101,3771.2,0.95002,0.85056,1.36326,0.90222,0.88925,0.929,0.67772,0.97046,0.64592,1.31968,0.01515,0.00505,0.01515,0.00505,0.01515,0.00505,0.01515,0.00505
102,3807.21,0.93247,0.85691,1.35503,0.93531,0.85798,0.92753,0.66716,0.98901,0.64951,1.32959,0.0150015,0.0050005,0.0150015,0.0050005,0.0150015,0.0050005,0.0150015,0.0050005
103,3842.51,0.9231,0.83742,1.34519,0.9249,0.87594,0.93156,0.68394,0.96927,0.63312,1.31568,0.014853,0.004951,0.014853,0.004951,0.014853,0.004951,0.014853,0.004951
104,3879.09,0.93276,0.84279,1.3537,0.91831,0.88536,0.93505,0.67862,0.98624,0.62629,1.32668,0.0147045,0.0049015,0.0147045,0.0049015,0.0147045,0.0049015,0.0147045,0.0049015
105,3916.48,0.9288,0.84604,1.35363,0.90918,0.89241,0.93665,0.68214,0.96524,0.62367,1.31629,0.014556,0.004852,0.014556,0.004852,0.014556,0.004852,0.014556,0.004852
106,3954.33,0.92728,0.83972,1.34949,0.92219,0.88802,0.9351,0.68095,0.98546,0.6208,1.32357,0.0144075,0.0048025,0.0144075,0.0048025,0.0144075,0.0048025,0.0144075,0.0048025
107,3991.2,0.9209,0.82324,1.34414,0.92778,0.88917,0.93716,0.68043,0.99054,0.61566,1.32268,0.014259,0.004753,0.014259,0.004753,0.014259,0.004753,0.014259,0.004753
108,4028.2,0.92381,0.82416,1.34478,0.9245,0.88419,0.93814,0.68352,0.96201,0.59876,1.30269,0.0141105,0.0047035,0.0141105,0.0047035,0.0141105,0.0047035,0.0141105,0.0047035
109,4064.38,0.93331,0.84925,1.35396,0.92055,0.88047,0.93496,0.68671,0.94849,0.62042,1.30402,0.013962,0.004654,0.013962,0.004654,0.013962,0.004654,0.013962,0.004654
110,4100.67,0.92608,0.83322,1.34818,0.91715,0.88965,0.938,0.68759,0.95584,0.62306,1.31603,0.0138135,0.0046045,0.0138135,0.0046045,0.0138135,0.0046045,0.0138135,0.0046045
111,4136.57,0.91886,0.82407,1.344,0.93674,0.88158,0.93702,0.68344,0.95717,0.61627,1.31495,0.013665,0.004555,0.013665,0.004555,0.013665,0.004555,0.013665,0.004555
112,4173.57,0.92769,0.83849,1.35201,0.92553,0.88058,0.93711,0.68708,0.94615,0.61158,1.30289,0.0135165,0.0045055,0.0135165,0.0045055,0.0135165,0.0045055,0.0135165,0.0045055
113,4211.42,0.92283,0.82707,1.34251,0.92116,0.87406,0.93587,0.69093,0.94559,0.61513,1.30122,0.013368,0.004456,0.013368,0.004456,0.013368,0.004456,0.013368,0.004456
114,4249.88,0.91232,0.81521,1.33973,0.92422,0.87534,0.93535,0.68966,0.94207,0.61661,1.29709,0.0132195,0.0044065,0.0132195,0.0044065,0.0132195,0.0044065,0.0132195,0.0044065
115,4287.17,0.91343,0.82089,1.33834,0.91901,0.89378,0.93671,0.69245,0.93412,0.60476,1.29811,0.013071,0.004357,0.013071,0.004357,0.013071,0.004357,0.013071,0.004357
116,4324.03,0.90919,0.80963,1.34183,0.9293,0.88453,0.93922,0.69334,0.93159,0.60024,1.297,0.0129225,0.0043075,0.0129225,0.0043075,0.0129225,0.0043075,0.0129225,0.0043075
117,4360.67,0.90171,0.79282,1.32744,0.92171,0.89176,0.93958,0.69634,0.92916,0.59997,1.29382,0.012774,0.004258,0.012774,0.004258,0.012774,0.004258,0.012774,0.004258
118,4396.52,0.91032,0.79341,1.33085,0.92751,0.8814,0.93432,0.6907,0.94426,0.6083,1.29943,0.0126255,0.0042085,0.0126255,0.0042085,0.0126255,0.0042085,0.0126255,0.0042085
119,4432.78,0.88901,0.77871,1.31626,0.92687,0.89862,0.93818,0.69436,0.93355,0.59471,1.29202,0.012477,0.004159,0.012477,0.004159,0.012477,0.004159,0.012477,0.004159
120,4469.44,0.90825,0.79674,1.32954,0.92825,0.89316,0.93973,0.69916,0.92846,0.58754,1.28821,0.0123285,0.0041095,0.0123285,0.0041095,0.0123285,0.0041095,0.0123285,0.0041095
121,4505.87,0.89043,0.77629,1.31588,0.91493,0.90078,0.93827,0.69759,0.93309,0.59291,1.29594,0.01218,0.00406,0.01218,0.00406,0.01218,0.00406,0.01218,0.00406
122,4542.73,0.89687,0.79531,1.32834,0.92551,0.88642,0.93619,0.6942,0.93612,0.60347,1.30504,0.0120315,0.0040105,0.0120315,0.0040105,0.0120315,0.0040105,0.0120315,0.0040105
123,4578.38,0.89431,0.78701,1.32386,0.92618,0.89965,0.93924,0.69739,0.91844,0.59415,1.29034,0.011883,0.003961,0.011883,0.003961,0.011883,0.003961,0.011883,0.003961
124,4614.92,0.88445,0.7808,1.31565,0.93833,0.87967,0.9372,0.69401,0.92164,0.59803,1.29334,0.0117345,0.0039115,0.0117345,0.0039115,0.0117345,0.0039115,0.0117345,0.0039115
125,4650.69,0.88895,0.78511,1.31813,0.93256,0.88791,0.9391,0.69381,0.92707,0.5951,1.29759,0.011586,0.003862,0.011586,0.003862,0.011586,0.003862,0.011586,0.003862
126,4687.25,0.88488,0.77868,1.31439,0.92934,0.89487,0.9415,0.69836,0.91958,0.59167,1.29286,0.0114375,0.0038125,0.0114375,0.0038125,0.0114375,0.0038125,0.0114375,0.0038125
127,4724.45,0.88273,0.7684,1.31408,0.92988,0.88718,0.9393,0.69422,0.93284,0.60003,1.30537,0.011289,0.003763,0.011289,0.003763,0.011289,0.003763,0.011289,0.003763
128,4761.12,0.87868,0.76221,1.30423,0.91571,0.90314,0.94229,0.69847,0.93182,0.58958,1.29277,0.0111405,0.0037135,0.0111405,0.0037135,0.0111405,0.0037135,0.0111405,0.0037135
129,4797.95,0.88259,0.76788,1.30953,0.9332,0.88497,0.94317,0.70025,0.92875,0.58922,1.29037,0.010992,0.003664,0.010992,0.003664,0.010992,0.003664,0.010992,0.003664
130,4834.63,0.88326,0.76096,1.30735,0.92499,0.89223,0.94251,0.69726,0.92371,0.57855,1.28875,0.0108435,0.0036145,0.0108435,0.0036145,0.0108435,0.0036145,0.0108435,0.0036145
131,4871.67,0.87659,0.75892,1.29956,0.91733,0.90402,0.9425,0.70126,0.92268,0.57247,1.28518,0.010695,0.003565,0.010695,0.003565,0.010695,0.003565,0.010695,0.003565
132,4907.11,0.86314,0.74744,1.2976,0.93866,0.8771,0.94009,0.6968,0.92643,0.57773,1.28261,0.0105465,0.0035155,0.0105465,0.0035155,0.0105465,0.0035155,0.0105465,0.0035155
133,4943.45,0.87903,0.76262,1.30425,0.93361,0.884,0.94167,0.69321,0.92366,0.58148,1.28148,0.010398,0.003466,0.010398,0.003466,0.010398,0.003466,0.010398,0.003466
134,4981.14,0.87007,0.74907,1.30245,0.93162,0.88996,0.94224,0.69488,0.91623,0.57657,1.27775,0.0102495,0.0034165,0.0102495,0.0034165,0.0102495,0.0034165,0.0102495,0.0034165
135,5017.41,0.85675,0.74749,1.29277,0.91772,0.90141,0.94345,0.69625,0.91752,0.57449,1.28224,0.010101,0.003367,0.010101,0.003367,0.010101,0.003367,0.010101,0.003367
136,5053.99,0.8657,0.7467,1.29665,0.92705,0.8917,0.94001,0.69402,0.92633,0.57526,1.2885,0.0099525,0.0033175,0.0099525,0.0033175,0.0099525,0.0033175,0.0099525,0.0033175
137,5090.32,0.8627,0.75091,1.29696,0.91545,0.90524,0.9406,0.69293,0.93482,0.5778,1.29132,0.009804,0.003268,0.009804,0.003268,0.009804,0.003268,0.009804,0.003268
138,5128.36,0.88067,0.75217,1.3063,0.92018,0.90177,0.94074,0.69636,0.92819,0.57196,1.28968,0.0096555,0.0032185,0.0096555,0.0032185,0.0096555,0.0032185,0.0096555,0.0032185
139,5163.87,0.8647,0.74708,1.29725,0.93124,0.88542,0.93781,0.69422,0.92786,0.57586,1.29267,0.009507,0.003169,0.009507,0.003169,0.009507,0.003169,0.009507,0.003169
140,5199.69,0.85458,0.73244,1.28705,0.9233,0.89902,0.94169,0.69743,0.91787,0.56739,1.28379,0.0093585,0.0031195,0.0093585,0.0031195,0.0093585,0.0031195,0.0093585,0.0031195
141,5236.6,0.8553,0.73174,1.29093,0.91775,0.89583,0.93931,0.6968,0.92091,0.56907,1.28371,0.00921,0.00307,0.00921,0.00307,0.00921,0.00307,0.00921,0.00307
142,5273.23,0.86205,0.74302,1.29646,0.92478,0.88845,0.93782,0.69711,0.92495,0.56961,1.29135,0.0090615,0.0030205,0.0090615,0.0030205,0.0090615,0.0030205,0.0090615,0.0030205
143,5310.62,0.85209,0.73134,1.28652,0.9386,0.89018,0.93909,0.70074,0.91995,0.55522,1.28719,0.008913,0.002971,0.008913,0.002971,0.008913,0.002971,0.008913,0.002971
144,5345.95,0.8499,0.72987,1.29568,0.9384,0.8871,0.93726,0.70425,0.90675,0.55567,1.2778,0.0087645,0.0029215,0.0087645,0.0029215,0.0087645,0.0029215,0.0087645,0.0029215
145,5382.21,0.84813,0.72278,1.28302,0.93004,0.88914,0.93958,0.70553,0.90456,0.56268,1.27295,0.008616,0.002872,0.008616,0.002872,0.008616,0.002872,0.008616,0.002872
146,5418.09,0.84943,0.72285,1.2807,0.91911,0.88968,0.93605,0.70423,0.90089,0.56216,1.27214,0.0084675,0.0028225,0.0084675,0.0028225,0.0084675,0.0028225,0.0084675,0.0028225
147,5454.9,0.84375,0.71996,1.28254,0.90248,0.90432,0.93912,0.70862,0.90317,0.56189,1.27572,0.008319,0.002773,0.008319,0.002773,0.008319,0.002773,0.008319,0.002773
148,5491.32,0.84254,0.71994,1.28157,0.93743,0.88591,0.93988,0.71292,0.90182,0.56263,1.27457,0.0081705,0.0027235,0.0081705,0.0027235,0.0081705,0.0027235,0.0081705,0.0027235
149,5528.65,0.83932,0.72331,1.28048,0.93814,0.88765,0.94204,0.71213,0.89954,0.55651,1.26788,0.008022,0.002674,0.008022,0.002674,0.008022,0.002674,0.008022,0.002674
150,5565.48,0.84049,0.70857,1.27907,0.93447,0.88805,0.94051,0.71292,0.89531,0.56062,1.26602,0.0078735,0.0026245,0.0078735,0.0026245,0.0078735,0.0026245,0.0078735,0.0026245
151,5602.14,0.8406,0.71281,1.281,0.92803,0.89382,0.94253,0.71211,0.89404,0.56174,1.26279,0.007725,0.002575,0.007725,0.002575,0.007725,0.002575,0.007725,0.002575
152,5638.47,0.83419,0.70586,1.27687,0.93103,0.89354,0.94241,0.71188,0.89465,0.55917,1.26208,0.0075765,0.0025255,0.0075765,0.0025255,0.0075765,0.0025255,0.0075765,0.0025255
153,5673.98,0.84505,0.7061,1.27329,0.93605,0.88855,0.94238,0.71198,0.89421,0.55585,1.25905,0.007428,0.002476,0.007428,0.002476,0.007428,0.002476,0.007428,0.002476
154,5709.86,0.8391,0.70506,1.26884,0.93447,0.8828,0.94046,0.71303,0.89379,0.55438,1.26243,0.0072795,0.0024265,0.0072795,0.0024265,0.0072795,0.0024265,0.0072795,0.0024265
155,5746.49,0.8259,0.69641,1.26533,0.94322,0.87985,0.94078,0.71425,0.89776,0.5596,1.26727,0.007131,0.002377,0.007131,0.002377,0.007131,0.002377,0.007131,0.002377
156,5783.61,0.83169,0.69838,1.26638,0.94897,0.88116,0.9403,0.71477,0.89368,0.55578,1.26327,0.0069825,0.0023275,0.0069825,0.0023275,0.0069825,0.0023275,0.0069825,0.0023275
157,5820.22,0.82722,0.69657,1.26695,0.91908,0.89615,0.9383,0.71458,0.89092,0.55286,1.26025,0.006834,0.002278,0.006834,0.002278,0.006834,0.002278,0.006834,0.002278
158,5855.95,0.82641,0.68741,1.26491,0.9324,0.89143,0.939,0.71195,0.89221,0.55876,1.26422,0.0066855,0.0022285,0.0066855,0.0022285,0.0066855,0.0022285,0.0066855,0.0022285
159,5893.14,0.81971,0.68911,1.25796,0.92345,0.8968,0.93836,0.71126,0.89362,0.55173,1.2646,0.006537,0.002179,0.006537,0.002179,0.006537,0.002179,0.006537,0.002179
160,5928.67,0.82491,0.68695,1.25846,0.93118,0.88971,0.9362,0.71198,0.89455,0.55329,1.26908,0.0063885,0.0021295,0.0063885,0.0021295,0.0063885,0.0021295,0.0063885,0.0021295
161,5966,0.82763,0.69157,1.26409,0.93405,0.89087,0.93787,0.71151,0.89599,0.55315,1.26955,0.00624,0.00208,0.00624,0.00208,0.00624,0.00208,0.00624,0.00208
162,6002.08,0.81758,0.6825,1.25765,0.92919,0.8908,0.9378,0.71278,0.89651,0.54862,1.27312,0.0060915,0.0020305,0.0060915,0.0020305,0.0060915,0.0020305,0.0060915,0.0020305
163,6038.44,0.81568,0.67376,1.25756,0.92502,0.89908,0.94069,0.7148,0.89542,0.55219,1.26904,0.005943,0.001981,0.005943,0.001981,0.005943,0.001981,0.005943,0.001981
164,6075.59,0.81899,0.68805,1.25752,0.92721,0.89826,0.94041,0.71337,0.89428,0.54925,1.26958,0.0057945,0.0019315,0.0057945,0.0019315,0.0057945,0.0019315,0.0057945,0.0019315
165,6112.6,0.80951,0.66816,1.24888,0.93084,0.88813,0.94115,0.71214,0.89354,0.54924,1.26773,0.005646,0.001882,0.005646,0.001882,0.005646,0.001882,0.005646,0.001882
166,6149.28,0.81053,0.66927,1.25062,0.93501,0.89091,0.94193,0.71234,0.89493,0.5471,1.26737,0.0054975,0.0018325,0.0054975,0.0018325,0.0054975,0.0018325,0.0054975,0.0018325
167,6185.05,0.82179,0.68108,1.2606,0.93518,0.89382,0.94546,0.71415,0.89233,0.54888,1.26409,0.005349,0.001783,0.005349,0.001783,0.005349,0.001783,0.005349,0.001783
168,6221.42,0.81357,0.67965,1.25563,0.92565,0.90324,0.94536,0.71535,0.8931,0.54895,1.26554,0.0052005,0.0017335,0.0052005,0.0017335,0.0052005,0.0017335,0.0052005,0.0017335
169,6257.03,0.808,0.66351,1.24561,0.92308,0.90926,0.94557,0.7171,0.89117,0.54603,1.26266,0.005052,0.001684,0.005052,0.001684,0.005052,0.001684,0.005052,0.001684
170,6293.04,0.79668,0.66543,1.24442,0.93149,0.90138,0.94409,0.71741,0.89083,0.5467,1.26123,0.0049035,0.0016345,0.0049035,0.0016345,0.0049035,0.0016345,0.0049035,0.0016345
171,6330.66,0.79379,0.669,1.24181,0.9211,0.9064,0.9439,0.71905,0.88989,0.5501,1.26026,0.004755,0.001585,0.004755,0.001585,0.004755,0.001585,0.004755,0.001585
172,6367.62,0.78762,0.65136,1.23723,0.93146,0.89795,0.94457,0.71636,0.89026,0.55007,1.25953,0.0046065,0.0015355,0.0046065,0.0015355,0.0046065,0.0015355,0.0046065,0.0015355
173,6405.57,0.79431,0.65773,1.24134,0.93016,0.90204,0.94463,0.71514,0.88965,0.54892,1.25959,0.004458,0.001486,0.004458,0.001486,0.004458,0.001486,0.004458,0.001486
174,6442.57,0.79029,0.65564,1.23853,0.93214,0.89756,0.94321,0.7156,0.88906,0.54714,1.25937,0.0043095,0.0014365,0.0043095,0.0014365,0.0043095,0.0014365,0.0043095,0.0014365
175,6479.63,0.79502,0.65897,1.23746,0.94343,0.8921,0.94294,0.71485,0.89007,0.54807,1.26283,0.004161,0.001387,0.004161,0.001387,0.004161,0.001387,0.004161,0.001387
176,6515.46,0.79325,0.65674,1.24333,0.94396,0.89183,0.94245,0.71664,0.89103,0.54665,1.26455,0.0040125,0.0013375,0.0040125,0.0013375,0.0040125,0.0013375,0.0040125,0.0013375
177,6551.67,0.7976,0.6547,1.24348,0.93797,0.89674,0.94256,0.71625,0.89011,0.54714,1.26275,0.003864,0.001288,0.003864,0.001288,0.003864,0.001288,0.003864,0.001288
178,6588.02,0.79084,0.64889,1.23551,0.93723,0.8978,0.941,0.7161,0.8881,0.54416,1.26103,0.0037155,0.0012385,0.0037155,0.0012385,0.0037155,0.0012385,0.0037155,0.0012385
179,6624.89,0.78292,0.64629,1.23212,0.93005,0.89823,0.9385,0.71841,0.88829,0.54203,1.26273,0.003567,0.001189,0.003567,0.001189,0.003567,0.001189,0.003567,0.001189
180,6661.91,0.79206,0.65077,1.23946,0.93172,0.89751,0.93834,0.71801,0.88914,0.54184,1.26278,0.0034185,0.0011395,0.0034185,0.0011395,0.0034185,0.0011395,0.0034185,0.0011395
181,6698.49,0.78371,0.64297,1.22991,0.9358,0.89056,0.93668,0.71611,0.88999,0.54517,1.26341,0.00327,0.00109,0.00327,0.00109,0.00327,0.00109,0.00327,0.00109
182,6735.86,0.78377,0.64219,1.23151,0.94638,0.8899,0.93823,0.71615,0.88957,0.54419,1.26304,0.0031215,0.0010405,0.0031215,0.0010405,0.0031215,0.0010405,0.0031215,0.0010405
183,6771.6,0.7757,0.63835,1.22757,0.94926,0.88753,0.93855,0.71502,0.88978,0.5443,1.2634,0.002973,0.000991,0.002973,0.000991,0.002973,0.000991,0.002973,0.000991
184,6808.21,0.77146,0.62805,1.22675,0.9517,0.88649,0.93749,0.7158,0.88926,0.54415,1.26188,0.0028245,0.0009415,0.0028245,0.0009415,0.0028245,0.0009415,0.0028245,0.0009415
185,6844.99,0.77456,0.637,1.22861,0.94692,0.89516,0.9401,0.71581,0.8884,0.54255,1.26035,0.002676,0.000892,0.002676,0.000892,0.002676,0.000892,0.002676,0.000892
186,6882.57,0.772,0.63545,1.22512,0.94586,0.89192,0.93936,0.71649,0.88751,0.5412,1.25964,0.0025275,0.0008425,0.0025275,0.0008425,0.0025275,0.0008425,0.0025275,0.0008425
187,6919.43,0.76972,0.63019,1.22228,0.94715,0.89233,0.94212,0.71552,0.88843,0.54084,1.26072,0.002379,0.000793,0.002379,0.000793,0.002379,0.000793,0.002379,0.000793
188,6956.11,0.77362,0.63057,1.23045,0.9443,0.89608,0.94171,0.71652,0.88963,0.54207,1.26091,0.0022305,0.0007435,0.0022305,0.0007435,0.0022305,0.0007435,0.0022305,0.0007435
189,6993.18,0.7688,0.6254,1.2262,0.93824,0.89889,0.94084,0.71699,0.88877,0.54282,1.26003,0.002082,0.000694,0.002082,0.000694,0.002082,0.000694,0.002082,0.000694
190,7029.07,0.75115,0.6171,1.20829,0.93855,0.8993,0.94066,0.71656,0.88823,0.54332,1.25983,0.0019335,0.0006445,0.0019335,0.0006445,0.0019335,0.0006445,0.0019335,0.0006445
191,7072.85,0.70949,0.46208,1.18906,0.92927,0.90392,0.94143,0.71629,0.88811,0.54488,1.2611,0.001785,0.000595,0.001785,0.000595,0.001785,0.000595,0.001785,0.000595
192,7109.29,0.68607,0.42457,1.17631,0.94428,0.89115,0.94162,0.7149,0.88841,0.54359,1.2606,0.0016365,0.0005455,0.0016365,0.0005455,0.0016365,0.0005455,0.0016365,0.0005455
193,7146.11,0.68762,0.42357,1.16976,0.94339,0.89264,0.94078,0.71691,0.8889,0.5432,1.26176,0.001488,0.000496,0.001488,0.000496,0.001488,0.000496,0.001488,0.000496
194,7183.4,0.66843,0.41268,1.15849,0.9417,0.89207,0.94118,0.71702,0.88815,0.54372,1.26145,0.0013395,0.0004465,0.0013395,0.0004465,0.0013395,0.0004465,0.0013395,0.0004465
195,7219.87,0.67394,0.41683,1.16318,0.93752,0.89498,0.93964,0.71686,0.88617,0.54525,1.25916,0.001191,0.000397,0.001191,0.000397,0.001191,0.000397,0.001191,0.000397
196,7257.24,0.66694,0.41256,1.15703,0.9418,0.89245,0.93946,0.71693,0.88572,0.5455,1.2584,0.0010425,0.0003475,0.0010425,0.0003475,0.0010425,0.0003475,0.0010425,0.0003475
197,7293.55,0.67384,0.40852,1.15693,0.94415,0.89084,0.94073,0.71766,0.88576,0.54439,1.25804,0.000894,0.000298,0.000894,0.000298,0.000894,0.000298,0.000894,0.000298
198,7330.91,0.66884,0.40671,1.16061,0.94727,0.8915,0.94103,0.71887,0.88561,0.54303,1.25835,0.0007455,0.0002485,0.0007455,0.0002485,0.0007455,0.0002485,0.0007455,0.0002485
199,7366.68,0.66747,0.40936,1.15828,0.94704,0.8901,0.94148,0.71938,0.88517,0.54265,1.25765,0.000597,0.000199,0.000597,0.000199,0.000597,0.000199,0.000597,0.000199
200,7402.83,0.65482,0.40436,1.15131,0.95278,0.88949,0.94175,0.72031,0.88511,0.54375,1.25781,0.0004485,0.0001495,0.0004485,0.0001495,0.0004485,0.0001495,0.0004485,0.0001495
